{
  "record_id": "als1",
  "n_windows": 5997,
  "stance_frac": 0.5209271302317826,
  "features_dim": 14,
  "confusion_matrix": [
    [
      333,
      386
    ],
    [
      331,
      450
    ]
  ],
  "report": {
    "0": {
      "precision": 0.5015060240963856,
      "recall": 0.4631432545201669,
      "f1-score": 0.48156182212581344,
      "support": 719.0
    },
    "1": {
      "precision": 0.5382775119617225,
      "recall": 0.5761843790012804,
      "f1-score": 0.5565862708719852,
      "support": 781.0
    },
    "accuracy": 0.522,
    "macro avg": {
      "precision": 0.519891768029054,
      "recall": 0.5196638167607237,
      "f1-score": 0.5190740464988993,
      "support": 1500.0
    },
    "weighted avg": {
      "precision": 0.5206517121116043,
      "recall": 0.522,
      "f1-score": 0.5206245517729868,
      "support": 1500.0
    }
  },
  "label_info": {
    "symbol_counts": {
      "/": 3314,
      "L": 1063,
      "Q": 2050,
      "j": 1458,
      "~": 618
    },
    "toggle_symbols": [
      "/",
      "Q"
    ],
    "n_toggle_events": 5364,
    "start_in_contact": 1,
    "stance_fraction": 0.5205222222222222
  }
}