{
  "record_id": "als1",
  "split": "time",
  "train_frac": 0.7,
  "label_info": {
    "toggle_symbols": [
      "/",
      "Q"
    ],
    "n_toggle_events": 5364,
    "n_intervals": 133,
    "threshold": 0.005252004428648335,
    "stance_fraction": 0.44325555555555557
  },
  "n_windows": 5997,
  "stance_frac_window": 0.4433883608470902,
  "features_dim": 14,
  "confusion_matrix": [
    [
      564,
      261
    ],
    [
      741,
      234
    ]
  ],
  "report": {
    "0": {
      "precision": 0.432183908045977,
      "recall": 0.6836363636363636,
      "f1-score": 0.5295774647887324,
      "support": 825.0
    },
    "1": {
      "precision": 0.4727272727272727,
      "recall": 0.24,
      "f1-score": 0.3183673469387755,
      "support": 975.0
    },
    "accuracy": 0.44333333333333336,
    "macro avg": {
      "precision": 0.45245559038662486,
      "recall": 0.4618181818181818,
      "f1-score": 0.42397240586375395,
      "support": 1800.0
    },
    "weighted avg": {
      "precision": 0.4541448972483455,
      "recall": 0.44333333333333336,
      "f1-score": 0.4151719842866724,
      "support": 1800.0
    }
  }
}